id;full_name;fist_name;surname;email;identificaction_number;telephone_number;identification_type_id
1;Andalucía;utilize;Tailandia architectures;Alfonso40@hotmail.com;analizada Fantástico empower;Blanco;1
2;Buckinghamshire bypass;caja;programming Planificador;Luca.Jurez@gmail.com;Salchichas migración Diseñador;Comunidad;2
3;interactive Gris services;Morado CFA;Seguridada Avon;Lucas41@yahoo.com;SSL;primary Intranet;3
4;dedicada array;Puerta Consultor withdrawal;leverage Analista;Emilio99@gmail.com;Artesanal;Credit Increible synergies;4
5;Shilling;Morado;Madera Pequeño;Juana_Armijo@gmail.com;Centrado compressing Comodos;Ensalada;5
6;Tácticas Bahamas;Guantes International hacking;Sabroso;ngela.Cordero4@hotmail.com;PCI Loan;Pataca port Refinado;6
7;connecting Madera;Berkshire Murcia;platforms transition;Adn.Lozada31@yahoo.com;Heredado Bajada Teclado;Investment users Pantalones;7
8;driver Orgánico Cataluña;neural Intuitivo;invoice sistema Funcionario;Sergio0@yahoo.com;Jefe;connect navigating synergies;8
9;Morado Dong Funcionalidad;input;asimétrica;Ins5@gmail.com;terciaria;colaboración;9
10;methodologies Vasco relationships;Franc Granito;Madera unleash;Csar_Roybal85@hotmail.com;GB leading-edge;Acero Kuwait generating;10
